Timestamp,"Your responses to this questionnaire may be used for research purposes and will be stored anonymously, without any data being stored that can be associated with you as an individual.",What institution do you belong to?,What is your current level of studies at your institution?,"Which campus do you spend most of your studies related time at?
(This is the campus you will be evaluating in the following sections.)",Please select the most appropriate answer for your main campus for each waste type. [Residual waste],Please select the most appropriate answer for your main campus for each waste type. [Organic waste],Please select the most appropriate answer for your main campus for each waste type. [PET],Please select the most appropriate answer for your main campus for each waste type. [Other plastics],Please select the most appropriate answer for your main campus for each waste type. [Paper & cardboard],Please select the most appropriate answer for your main campus for each waste type. [Aluminium cans],Please select the most appropriate answer for your main campus for each waste type. [Glass],Please select the most appropriate answer for your main campus for each waste type. [Batteries],Please select the most appropriate answer for your main campus for each waste type. [Electronic scrap],Please select the most appropriate answer for your main campus for each waste type. [Storage media (for shredding)],"Please select the most appropriate answer for your main campus for each waste type. [Scrap metal (non-ferrous metal, iron, aluminium)]",Please select the most appropriate answer for your main campus for each waste type. [Wood waste],"Please select the most appropriate answer for your main campus for each waste type. [Paint, oil, other liquids]",Please select the most appropriate answer for your main campus for each waste type. [Printer cartridges],Please select the most appropriate answer for your main campus for each waste type. [Coffee capsules],Please select the most appropriate answer for your main campus for each waste type. [Textiles],Are there other types of waste for which you would like a separate disposal option?,"Please state how far you would take your waste (produced during your time on campus) from the location it is produced to the designated bin for separation before disposing it in the residual waste instead.
Please select the most accurate response for your main campus for each waste type.  [Organic waste]","Please state how far you would take your waste (produced during your time on campus) from the location it is produced to the designated bin for separation before disposing it in the residual waste instead.
Please select the most accurate response for your main campus for each waste type.  [PET]","Please state how far you would take your waste (produced during your time on campus) from the location it is produced to the designated bin for separation before disposing it in the residual waste instead.
Please select the most accurate response for your main campus for each waste type.  [Other plastics]","Please state how far you would take your waste (produced during your time on campus) from the location it is produced to the designated bin for separation before disposing it in the residual waste instead.
Please select the most accurate response for your main campus for each waste type.  [Paper & cardboard]","Please state how far you would take your waste (produced during your time on campus) from the location it is produced to the designated bin for separation before disposing it in the residual waste instead.
Please select the most accurate response for your main campus for each waste type.  [Aluminium cans]","Please state how far you would take your waste (produced during your time on campus) from the location it is produced to the designated bin for separation before disposing it in the residual waste instead.
Please select the most accurate response for your main campus for each waste type.  [Glass]","Please state how far you would take your waste (produced during your time on campus) from the location it is produced to the designated bin for separation before disposing it in the residual waste instead.
Please select the most accurate response for your main campus for each waste type.  [Batteries]","Please state how far you would take your waste (produced during your time on campus) from the location it is produced to the designated bin for separation before disposing it in the residual waste instead.
Please select the most accurate response for your main campus for each waste type.  [Electronic scrap]","Please state how far you would take your waste (produced during your time on campus) from the location it is produced to the designated bin for separation before disposing it in the residual waste instead.
Please select the most accurate response for your main campus for each waste type.  [Storage media (for shredding)]","Please state how far you would take your waste (produced during your time on campus) from the location it is produced to the designated bin for separation before disposing it in the residual waste instead.
Please select the most accurate response for your main campus for each waste type.  [Scrap metal (non-ferrous metal, iron, aluminium)]","Please state how far you would take your waste (produced during your time on campus) from the location it is produced to the designated bin for separation before disposing it in the residual waste instead.
Please select the most accurate response for your main campus for each waste type.  [Wood waste]","Please state how far you would take your waste (produced during your time on campus) from the location it is produced to the designated bin for separation before disposing it in the residual waste instead.
Please select the most accurate response for your main campus for each waste type.  [Paint, oil, other liquids]","Please state how far you would take your waste (produced during your time on campus) from the location it is produced to the designated bin for separation before disposing it in the residual waste instead.
Please select the most accurate response for your main campus for each waste type.  [Printer cartridges]","Please state how far you would take your waste (produced during your time on campus) from the location it is produced to the designated bin for separation before disposing it in the residual waste instead.
Please select the most accurate response for your main campus for each waste type.  [Coffee capsules]","Please state how far you would take your waste (produced during your time on campus) from the location it is produced to the designated bin for separation before disposing it in the residual waste instead.
Please select the most accurate response for your main campus for each waste type.  [Textiles]",What would you suggest as an improvement for the waste separation at your institution? (optional)
2024-05-17T19:13:29Z,I have understood the conditions above and confirm my voluntary participation.,ETH Zurich,MSc,ETH Zentrum,I know where a bin is located nearby.,I do not know of any but I would like for it to be available.,I know where a bin is located nearby.,I do not know of any but I would like for it to be available.,I know where a bin is located nearby.,I know where a bin is located nearby.,I know it exists but I am not sure where.,I know where a bin is located nearby.,I know where a bin is located nearby.,I know where a bin is located nearby.,I know where a bin is located nearby.,I know it exists but I am not sure where.,I know it exists but I am not sure where.,I know it exists but I am not sure where.,I know where a bin is located nearby.,I do not know any and I would not use it.,NA,In the room I am currently in,"Off campus (e.g., to municipal collections)",Within the same building,Within the same building,"Off campus (e.g., to municipal collections)",Anywhere on the campus,"Off campus (e.g., to municipal collections)",Anywhere on the campus,Anywhere on the campus,Anywhere on the campus,Anywhere on the campus,Anywhere on the campus,Anywhere on the campus,No answer,No answer,Make the information about where to find bins for separation more accessible. I do not find anything on the ETH website.
2024-05-17T19:29:44Z,I have understood the conditions above and confirm my voluntary participation.,Other,MSc,Other,I know where a bin is located nearby.,I do not know of any but I would like for it to be available.,I do not know of any but I would like for it to be available.,I do not know of any but I would like for it to be available.,I know where a bin is located nearby.,I do not know of any but I would like for it to be available.,I do not know of any but I would like for it to be available.,I do not know of any but I would like for it to be available.,I do not know of any but I would like for it to be available.,I do not know of any but I would like for it to be available.,I do not know of any but I would like for it to be available.,I do not know of any but I would like for it to be available.,I do not know of any but I would like for it to be available.,I do not know of any but I would like for it to be available.,I do not know of any but I would like for it to be available.,I do not know of any but I would like for it to be available.,NA,In the room I am currently in,Anywhere on the campus,The building next door,Within the same building,The building next door,Anywhere on the campus,Anywhere on the campus,Anywhere on the campus,Anywhere on the campus,Anywhere on the campus,In the room I am currently in,Within the same building,The building next door,In the room I am currently in,Anywhere on the campus,That I am able to separate on the campus. I think that is not possible at my university.
2024-05-19T18:21:12Z,I have understood the conditions above and confirm my voluntary participation.,ETH Zurich,MSc,ETH Hönggerberg,I know where a bin is located nearby.,I do not know any and I would not use it.,I know where a bin is located nearby.,I do not know of any but I would like for it to be available.,I know where a bin is located nearby.,I know where a bin is located nearby.,I know where a bin is located nearby.,I know where a bin is located nearby.,I know where a bin is located nearby.,I do not know any and I would not use it.,I do not know any and I would not use it.,I do not know any and I would not use it.,I do not know any and I would not use it.,I do not know any and I would not use it.,I do not know any and I would not use it.,I know it exists but I am not sure where.,NA,The building next door,Within the same building,Within the same building,Within the same building,Within the same building,Anywhere on the campus,Anywhere on the campus,No answer,No answer,No answer,No answer,No answer,No answer,No answer,No answer,NA
2024-05-22T12:54:26Z,I have understood the conditions above and confirm my voluntary participation.,ETH Zurich,MSc,ETH Zentrum,I know where a bin is located nearby.,I do not know of any but I would like for it to be available.,I know where a bin is located nearby.,I do not know of any but I would like for it to be available.,I know it exists but I am not sure where.,I do not know any and I would not use it.,I do not know any and I would not use it.,I do not know any and I would not use it.,No answer,I know where a bin is located nearby.,No answer,No answer,No answer,No answer,No answer,No answer,NA,Within the same building,The building next door,Within the same building,Within the same building,Within the same building,Within the same building,Within the same building,Within the same building,Within the same building,Within the same building,Within the same building,Within the same building,Within the same building,Within the same building,Within the same building,NA
2024-05-22T13:25:23Z,I have understood the conditions above and confirm my voluntary participation.,ETH Zurich,MSc,ETH Zentrum,I know where a bin is located nearby.,I do not know of any but I would like for it to be available.,I know where a bin is located nearby.,I do not know of any but I would like for it to be available.,I know where a bin is located nearby.,I know where a bin is located nearby.,I know where a bin is located nearby.,I know where a bin is located nearby.,I know it exists but I am not sure where.,I do not know of any but I would like for it to be available.,I know it exists but I am not sure where.,I do not know of any but I would like for it to be available.,I do not know of any but I would like for it to be available.,I do not know of any but I would like for it to be available.,I know where a bin is located nearby.,I do not know of any but I would like for it to be available.,NA,Anywhere on the campus,The building next door,Anywhere on the campus,In the room I am currently in,The building next door,Anywhere on the campus,Anywhere on the campus,Anywhere on the campus,No answer,The building next door,Anywhere on the campus,No answer,No answer,Anywhere on the campus,"Off campus (e.g., to municipal collections)","more aluminium can bins! please, cannot bother walking around campus with empty can after a drink. should be as common as PET collection points."
2024-05-22T13:27:43Z,I have understood the conditions above and confirm my voluntary participation.,ETH Zurich,BSc,ETH Zentrum,I know where a bin is located nearby.,I do not know of any but I would like for it to be available.,I know where a bin is located nearby.,I do not know of any but I would like for it to be available.,I do not know of any but I would like for it to be available.,I know it exists but I am not sure where.,I do not know of any but I would like for it to be available.,I know where a bin is located nearby.,I know it exists but I am not sure where.,I do not know any and I would not use it.,I know it exists but I am not sure where.,I do not know of any but I would like for it to be available.,I do not know of any but I would like for it to be available.,I do not know any and I would not use it.,I do not know any and I would not use it.,I do not know of any but I would like for it to be available.,NA,Within the same building,Within the same building,The building next door,Within the same building,The building next door,The building next door,Anywhere on the campus,Anywhere on the campus,Anywhere on the campus,Anywhere on the campus,Anywhere on the campus,Anywhere on the campus,No answer,No answer,"Off campus (e.g., to municipal collections)","Definitely more possibilities for cardboard and paper collection as well as glass. At least one known bin in each building but more preferably on each floor, especially for paper and cardboard. One known recycling area per campus where most to all of the options are available would be helpful for any less frequent waste materials since it would be easy to check out and find when one has something and is not sure whether there is an option at all. Alternatively there could be a recycling finder/map as there is for student printers online."
2024-05-22T13:31:20Z,I have understood the conditions above and confirm my voluntary participation.,ETH Zurich,PhD,ETH Hönggerberg,I know where a bin is located nearby.,I know it exists but I am not sure where.,I know where a bin is located nearby.,I do not know of any but I would like for it to be available.,I know where a bin is located nearby.,I know where a bin is located nearby.,I know where a bin is located nearby.,I know where a bin is located nearby.,I do not know of any but I would like for it to be available.,I know where a bin is located nearby.,I do not know of any but I would like for it to be available.,I know where a bin is located nearby.,I do not know of any but I would like for it to be available.,I do not know of any but I would like for it to be available.,I do not know of any but I would like for it to be available.,I do not know of any but I would like for it to be available.,NA,Within the same building,The building next door,The building next door,The building next door,The building next door,The building next door,The building next door,The building next door,The building next door,The building next door,The building next door,The building next door,Within the same building,Within the same building,The building next door,NA
2024-05-22T14:00:14Z,I have understood the conditions above and confirm my voluntary participation.,ETH Zurich,MSc,ETH Zentrum,I know where a bin is located nearby.,I do not know of any but I would like for it to be available.,I know where a bin is located nearby.,I do not know of any but I would like for it to be available.,I know where a bin is located nearby.,I know where a bin is located nearby.,I know it exists but I am not sure where.,I know it exists but I am not sure where.,I know where a bin is located nearby.,I do not know of any but I would like for it to be available.,I know it exists but I am not sure where.,I know it exists but I am not sure where.,I do not know of any but I would like for it to be available.,I do not know of any but I would like for it to be available.,I do not know of any but I would like for it to be available.,I do not know of any but I would like for it to be available.,NA,Within the same building,"Off campus (e.g., to municipal collections)",Anywhere on the campus,Anywhere on the campus,"Off campus (e.g., to municipal collections)","Off campus (e.g., to municipal collections)","Off campus (e.g., to municipal collections)","Off campus (e.g., to municipal collections)","Off campus (e.g., to municipal collections)","Off campus (e.g., to municipal collections)","Off campus (e.g., to municipal collections)","Off campus (e.g., to municipal collections)","Off campus (e.g., to municipal collections)",Anywhere on the campus,"Off campus (e.g., to municipal collections)",NA
2024-05-22T14:01:39Z,I have understood the conditions above and confirm my voluntary participation.,ETH Zurich,MSc,ETH Zentrum,I know where a bin is located nearby.,I do not know any and I would not use it.,I know where a bin is located nearby.,I do not know of any but I would like for it to be available.,I know where a bin is located nearby.,I know it exists but I am not sure where.,I know it exists but I am not sure where.,I know it exists but I am not sure where.,I know it exists but I am not sure where.,I do not know any and I would not use it.,I do not know of any but I would like for it to be available.,I do not know of any but I would like for it to be available.,I do not know any and I would not use it.,I do not know any and I would not use it.,I do not know of any but I would like for it to be available.,I do not know of any but I would like for it to be available.,NA,Within the same building,Within the same building,Within the same building,Within the same building,Within the same building,Within the same building,Within the same building,Anywhere on the campus,Anywhere on the campus,Anywhere on the campus,The building next door,Anywhere on the campus,Anywhere on the campus,Within the same building,Anywhere on the campus,NA
2024-05-22T14:13:36Z,I have understood the conditions above and confirm my voluntary participation.,ETH Zurich,PhD,ETH Zentrum,I know where a bin is located nearby.,I do not know of any but I would like for it to be available.,I know it exists but I am not sure where.,I do not know of any but I would like for it to be available.,I know where a bin is located nearby.,I know where a bin is located nearby.,I know where a bin is located nearby.,I know where a bin is located nearby.,I know where a bin is located nearby.,I know it exists but I am not sure where.,I know it exists but I am not sure where.,I know it exists but I am not sure where.,I know it exists but I am not sure where.,I do not know of any but I would like for it to be available.,I do not know of any but I would like for it to be available.,I do not know of any but I would like for it to be available.,NA,Within the same building,Within the same building,Within the same building,Within the same building,Within the same building,Within the same building,Within the same building,Within the same building,Within the same building,Within the same building,Within the same building,Within the same building,Within the same building,Within the same building,Within the same building,NA
2024-05-22T14:14:25Z,I have understood the conditions above and confirm my voluntary participation.,ETH Zurich,MSc,ETH Zentrum,No answer,I do not know of any but I would like for it to be available.,I know it exists but I am not sure where.,I do not know of any but I would like for it to be available.,I do not know of any but I would like for it to be available.,I know it exists but I am not sure where.,I know it exists but I am not sure where.,I do not know of any but I would like for it to be available.,I do not know any and I would not use it.,I do not know of any but I would like for it to be available.,I do not know of any but I would like for it to be available.,I do not know any and I would not use it.,I do not know any and I would not use it.,I do not know any and I would not use it.,I do not know any and I would not use it.,I do not know of any but I would like for it to be available.,NA,Within the same building,Within the same building,Within the same building,Within the same building,Within the same building,Within the same building,The building next door,The building next door,The building next door,The building next door,The building next door,No answer,No answer,No answer,"Off campus (e.g., to municipal collections)",NA
2024-05-22T14:17:48Z,I have understood the conditions above and confirm my voluntary participation.,ETH Zurich,BSc,ETH Zentrum,I know where a bin is located nearby.,I do not know of any but I would like for it to be available.,I know it exists but I am not sure where.,I do not know of any but I would like for it to be available.,I know where a bin is located nearby.,I know where a bin is located nearby.,I know it exists but I am not sure where.,I know it exists but I am not sure where.,I do not know of any but I would like for it to be available.,I do not know any and I would not use it.,I do not know any and I would not use it.,I do not know any and I would not use it.,I do not know any and I would not use it.,I do not know any and I would not use it.,I know it exists but I am not sure where.,I do not know any and I would not use it.,No but my answers above are with respect to what waste I have. If I work in a lab and have metal or wood waste for example I would use these disposal options.,In the room I am currently in,Within the same building,In the room I am currently in,In the room I am currently in,Within the same building,Within the same building,Anywhere on the campus,Anywhere on the campus,Anywhere on the campus,Anywhere on the campus,Anywhere on the campus,Anywhere on the campus,Anywhere on the campus,Within the same building,Anywhere on the campus,definitely add organic waste bins (like on the Hönggerberg)
2024-05-22T15:01:33Z,I have understood the conditions above and confirm my voluntary participation.,ETH Zurich,MSc,ETH Zentrum,I know where a bin is located nearby.,I do not know any and I would not use it.,I know where a bin is located nearby.,I do not know of any but I would like for it to be available.,I do not know of any but I would like for it to be available.,I know where a bin is located nearby.,I know where a bin is located nearby.,I know where a bin is located nearby.,I know where a bin is located nearby.,I know where a bin is located nearby.,I do not know of any but I would like for it to be available.,I do not know of any but I would like for it to be available.,I do not know of any but I would like for it to be available.,I do not know of any but I would like for it to be available.,I do not know of any but I would like for it to be available.,I do not know of any but I would like for it to be available.,NA,In the room I am currently in,Anywhere on the campus,Within the same building,The building next door,The building next door,Anywhere on the campus,"Off campus (e.g., to municipal collections)","Off campus (e.g., to municipal collections)","Off campus (e.g., to municipal collections)","Off campus (e.g., to municipal collections)",Anywhere on the campus,Anywhere on the campus,"Off campus (e.g., to municipal collections)",Anywhere on the campus,The building next door,less waste production and less combined materials
2024-05-22T15:32:47Z,I have understood the conditions above and confirm my voluntary participation.,University of Zurich,MSc,Other,I know where a bin is located nearby.,I do not know of any but I would like for it to be available.,I know where a bin is located nearby.,I do not know of any but I would like for it to be available.,I do not know of any but I would like for it to be available.,I know where a bin is located nearby.,I do not know of any but I would like for it to be available.,I do not know of any but I would like for it to be available.,I do not know of any but I would like for it to be available.,I do not know of any but I would like for it to be available.,I do not know of any but I would like for it to be available.,I do not know of any but I would like for it to be available.,I do not know of any but I would like for it to be available.,I do not know of any but I would like for it to be available.,I do not know of any but I would like for it to be available.,I do not know of any but I would like for it to be available.,NA,In the room I am currently in,In the room I am currently in,Within the same building,Within the same building,In the room I am currently in,In the room I am currently in,Within the same building,Within the same building,Within the same building,Within the same building,Within the same building,Within the same building,In the room I am currently in,In the room I am currently in,Within the same building,NA
2024-05-22T15:48:02Z,I have understood the conditions above and confirm my voluntary participation.,ETH Zurich,MSc,ETH Zentrum,I know where a bin is located nearby.,I know it exists but I am not sure where.,I know it exists but I am not sure where.,I know it exists but I am not sure where.,I do not know of any but I would like for it to be available.,I know it exists but I am not sure where.,I do not know of any but I would like for it to be available.,I do not know of any but I would like for it to be available.,I do not know of any but I would like for it to be available.,I do not know of any but I would like for it to be available.,I do not know of any but I would like for it to be available.,I do not know of any but I would like for it to be available.,I do not know of any but I would like for it to be available.,I do not know of any but I would like for it to be available.,I do not know of any but I would like for it to be available.,I do not know of any but I would like for it to be available.,NA,Within the same building,Within the same building,Within the same building,The building next door,The building next door,The building next door,Anywhere on the campus,Anywhere on the campus,Anywhere on the campus,"Off campus (e.g., to municipal collections)","Off campus (e.g., to municipal collections)",Anywhere on the campus,Anywhere on the campus,Anywhere on the campus,"Off campus (e.g., to municipal collections)",NA
2024-05-22T15:49:12Z,I have understood the conditions above and confirm my voluntary participation.,ETH Zurich,BSc,ETH Zentrum,I know where a bin is located nearby.,I do not know of any but I would like for it to be available.,I know where a bin is located nearby.,I do not know of any but I would like for it to be available.,I know it exists but I am not sure where.,I know where a bin is located nearby.,I do not know of any but I would like for it to be available.,I know where a bin is located nearby.,I know it exists but I am not sure where.,I do not know any and I would not use it.,I do not know any and I would not use it.,I do not know any and I would not use it.,I do not know any and I would not use it.,I do not know any and I would not use it.,I do not know any and I would not use it.,I do not know any and I would not use it.,NA,"Off campus (e.g., to municipal collections)",In the room I am currently in,No answer,Within the same building,Within the same building,Anywhere on the campus,Within the same building,"Off campus (e.g., to municipal collections)","Off campus (e.g., to municipal collections)","Off campus (e.g., to municipal collections)","Off campus (e.g., to municipal collections)","Off campus (e.g., to municipal collections)","Off campus (e.g., to municipal collections)","Off campus (e.g., to municipal collections)","Off campus (e.g., to municipal collections)",NA
2024-05-22T15:49:31Z,I have understood the conditions above and confirm my voluntary participation.,ETH Zurich,MSc,ETH Zentrum,I know where a bin is located nearby.,I do not know any and I would not use it.,I know where a bin is located nearby.,I do not know any and I would not use it.,I do not know of any but I would like for it to be available.,I know where a bin is located nearby.,I do not know of any but I would like for it to be available.,I do not know of any but I would like for it to be available.,I do not know any and I would not use it.,I do not know of any but I would like for it to be available.,I do not know any and I would not use it.,I do not know of any but I would like for it to be available.,I do not know of any but I would like for it to be available.,I do not know of any but I would like for it to be available.,I do not know any and I would not use it.,I do not know any and I would not use it.,NA,Within the same building,Within the same building,Within the same building,Within the same building,Within the same building,Within the same building,Within the same building,Anywhere on the campus,Anywhere on the campus,Anywhere on the campus,Anywhere on the campus,Anywhere on the campus,Anywhere on the campus,Anywhere on the campus,Anywhere on the campus,NA
2024-05-22T19:30:52Z,I have understood the conditions above and confirm my voluntary participation.,ETH Zurich,MSc,ETH Zentrum,I know where a bin is located nearby.,I do not know of any but I would like for it to be available.,I know where a bin is located nearby.,I do not know of any but I would like for it to be available.,I do not know of any but I would like for it to be available.,I know where a bin is located nearby.,I do not know any and I would not use it.,I do not know any and I would not use it.,I do not know any and I would not use it.,I do not know any and I would not use it.,I do not know any and I would not use it.,I do not know any and I would not use it.,I do not know any and I would not use it.,I do not know any and I would not use it.,I do not know any and I would not use it.,I do not know of any but I would like for it to be available.,NA,In the room I am currently in,In the room I am currently in,In the room I am currently in,In the room I am currently in,In the room I am currently in,In the room I am currently in,In the room I am currently in,In the room I am currently in,In the room I am currently in,In the room I am currently in,In the room I am currently in,In the room I am currently in,In the room I am currently in,In the room I am currently in,In the room I am currently in,NA
2024-05-23T11:46:04Z,I have understood the conditions above and confirm my voluntary participation.,ETH Zurich,BSc,ETH Zentrum,I know where a bin is located nearby.,I do not know of any but I would like for it to be available.,I know where a bin is located nearby.,I do not know of any but I would like for it to be available.,I know it exists but I am not sure where.,I know where a bin is located nearby.,I know it exists but I am not sure where.,I do not know of any but I would like for it to be available.,I do not know of any but I would like for it to be available.,I do not know any and I would not use it.,I do not know any and I would not use it.,I do not know any and I would not use it.,I do not know any and I would not use it.,I do not know any and I would not use it.,I do not know any and I would not use it.,I do not know any and I would not use it.,NA,In the room I am currently in,Within the same building,Within the same building,Anywhere on the campus,Within the same building,The building next door,Anywhere on the campus,Anywhere on the campus,Anywhere on the campus,Anywhere on the campus,Anywhere on the campus,Anywhere on the campus,Anywhere on the campus,Anywhere on the campus,Anywhere on the campus,NA
2024-05-24T10:03:59Z,I have understood the conditions above and confirm my voluntary participation.,ETH Zurich,BSc,ETH Zentrum,I know where a bin is located nearby.,I do not know any and I would not use it.,I know where a bin is located nearby.,I do not know of any but I would like for it to be available.,I do not know of any but I would like for it to be available.,I know where a bin is located nearby.,I do not know of any but I would like for it to be available.,I do not know any and I would not use it.,I do not know of any but I would like for it to be available.,I do not know of any but I would like for it to be available.,I do not know of any but I would like for it to be available.,I do not know of any but I would like for it to be available.,I do not know any and I would not use it.,I do not know any and I would not use it.,I do not know any and I would not use it.,I do not know of any but I would like for it to be available.,NA,Within the same building,The building next door,The building next door,Within the same building,Within the same building,The building next door,Anywhere on the campus,Anywhere on the campus,Anywhere on the campus,Anywhere on the campus,Anywhere on the campus,Anywhere on the campus,Anywhere on the campus,Anywhere on the campus,Anywhere on the campus,NA
2024-05-24T12:41:02Z,I have understood the conditions above and confirm my voluntary participation.,ETH Zurich,BSc,Other,I know it exists but I am not sure where.,I know where a bin is located nearby.,I know where a bin is located nearby.,I know it exists but I am not sure where.,I know where a bin is located nearby.,I do not know of any but I would like for it to be available.,I do not know of any but I would like for it to be available.,I do not know any and I would not use it.,I do not know any and I would not use it.,I do not know any and I would not use it.,I do not know any and I would not use it.,I do not know of any but I would like for it to be available.,I do not know of any but I would like for it to be available.,I do not know of any but I would like for it to be available.,I know it exists but I am not sure where.,I know where a bin is located nearby.,NA,Anywhere on the campus,Within the same building,Within the same building,Within the same building,Anywhere on the campus,Anywhere on the campus,Anywhere on the campus,Anywhere on the campus,No answer,No answer,Within the same building,"Off campus (e.g., to municipal collections)",Anywhere on the campus,No answer,No answer,NA
2024-05-26T16:25:47Z,I have understood the conditions above and confirm my voluntary participation.,Other,MSc,Other,I know where a bin is located nearby.,I do not know of any but I would like for it to be available.,I do not know of any but I would like for it to be available.,I do not know of any but I would like for it to be available.,I do not know of any but I would like for it to be available.,I do not know of any but I would like for it to be available.,I do not know of any but I would like for it to be available.,I do not know of any but I would like for it to be available.,I do not know any and I would not use it.,I do not know any and I would not use it.,I do not know any and I would not use it.,I do not know any and I would not use it.,I do not know any and I would not use it.,I do not know any and I would not use it.,I do not know any and I would not use it.,I do not know of any but I would like for it to be available.,No,In the room I am currently in,Within the same building,Within the same building,The building next door,The building next door,Anywhere on the campus,No answer,No answer,No answer,No answer,No answer,No answer,No answer,No answer,No answer,Adding pictures to the waste bins to give visual clues on how to separate the waste.
2024-05-27T14:02:37Z,I have understood the conditions above and confirm my voluntary participation.,ETH Zurich,MSc,ETH Zentrum,I know where a bin is located nearby.,I do not know of any but I would like for it to be available.,I know where a bin is located nearby.,I do not know of any but I would like for it to be available.,I know it exists but I am not sure where.,I know where a bin is located nearby.,I do not know of any but I would like for it to be available.,I do not know any and I would not use it.,I know it exists but I am not sure where.,I do not know any and I would not use it.,I do not know any and I would not use it.,I do not know any and I would not use it.,I do not know any and I would not use it.,I do not know any and I would not use it.,I do not know any and I would not use it.,I do not know any and I would not use it.,NA,Within the same building,The building next door,Within the same building,Within the same building,The building next door,The building next door,"Off campus (e.g., to municipal collections)","Off campus (e.g., to municipal collections)",No answer,"Off campus (e.g., to municipal collections)",Within the same building,The building next door,Within the same building,Within the same building,Within the same building,NA
2024-05-30T13:09:06Z,I have understood the conditions above and confirm my voluntary participation.,ETH Zurich,BSc,ETH Zentrum,I know where a bin is located nearby.,I do not know of any but I would like for it to be available.,I know where a bin is located nearby.,I do not know of any but I would like for it to be available.,I know it exists but I am not sure where.,I know where a bin is located nearby.,I know where a bin is located nearby.,I do not know of any but I would like for it to be available.,I do not know of any but I would like for it to be available.,I do not know of any but I would like for it to be available.,I do not know of any but I would like for it to be available.,I know it exists but I am not sure where.,I do not know of any but I would like for it to be available.,I do not know of any but I would like for it to be available.,I do not know any and I would not use it.,I do not know any and I would not use it.,NA,Within the same building,Within the same building,Within the same building,Within the same building,Within the same building,Within the same building,Within the same building,Within the same building,Within the same building,Within the same building,Within the same building,Within the same building,Within the same building,Within the same building,Within the same building,NA
2024-05-30T13:09:08Z,I have understood the conditions above and confirm my voluntary participation.,ETH Zurich,BSc,ETH Zentrum,I know where a bin is located nearby.,I do not know of any but I would like for it to be available.,I know where a bin is located nearby.,I do not know of any but I would like for it to be available.,I know where a bin is located nearby.,I know where a bin is located nearby.,I do not know of any but I would like for it to be available.,I do not know any and I would not use it.,I do not know any and I would not use it.,I do not know any and I would not use it.,I do not know any and I would not use it.,I do not know of any but I would like for it to be available.,I do not know any and I would not use it.,I do not know any and I would not use it.,I do not know any and I would not use it.,I do not know any and I would not use it.,NA,Anywhere on the campus,Anywhere on the campus,In the room I am currently in,Anywhere on the campus,Anywhere on the campus,Anywhere on the campus,Anywhere on the campus,Anywhere on the campus,Anywhere on the campus,Anywhere on the campus,In the room I am currently in,In the room I am currently in,In the room I am currently in,In the room I am currently in,In the room I am currently in,NA
2024-05-30T13:09:23Z,I have understood the conditions above and confirm my voluntary participation.,University of Zurich,BSc,UZH Zentrum,I know it exists but I am not sure where.,I do not know of any but I would like for it to be available.,I know it exists but I am not sure where.,I do not know of any but I would like for it to be available.,I do not know of any but I would like for it to be available.,I know it exists but I am not sure where.,I do not know any and I would not use it.,I do not know any and I would not use it.,I do not know any and I would not use it.,I do not know of any but I would like for it to be available.,I do not know any and I would not use it.,I do not know any and I would not use it.,I do not know of any but I would like for it to be available.,I do not know of any but I would like for it to be available.,I do not know of any but I would like for it to be available.,I do not know any and I would not use it.,NA,The building next door,The building next door,The building next door,The building next door,The building next door,Anywhere on the campus,Anywhere on the campus,Anywhere on the campus,Anywhere on the campus,Anywhere on the campus,Anywhere on the campus,Anywhere on the campus,Anywhere on the campus,Anywhere on the campus,Anywhere on the campus,NA
2024-05-30T13:09:34Z,I have understood the conditions above and confirm my voluntary participation.,ETH Zurich,BSc,ETH Zentrum,I know where a bin is located nearby.,I do not know of any but I would like for it to be available.,I know where a bin is located nearby.,I do not know of any but I would like for it to be available.,I know it exists but I am not sure where.,I know where a bin is located nearby.,I do not know of any but I would like for it to be available.,I do not know of any but I would like for it to be available.,I do not know of any but I would like for it to be available.,I do not know of any but I would like for it to be available.,I do not know of any but I would like for it to be available.,I do not know of any but I would like for it to be available.,I do not know of any but I would like for it to be available.,I do not know of any but I would like for it to be available.,I do not know of any but I would like for it to be available.,I do not know of any but I would like for it to be available.,NA,"Off campus (e.g., to municipal collections)","Off campus (e.g., to municipal collections)",No answer,No answer,"Off campus (e.g., to municipal collections)","Off campus (e.g., to municipal collections)",No answer,No answer,No answer,No answer,No answer,No answer,No answer,No answer,No answer,NA
2024-05-30T13:09:40Z,I have understood the conditions above and confirm my voluntary participation.,ETH Zurich,BSc,ETH Zentrum,I know where a bin is located nearby.,I do not know of any but I would like for it to be available.,I know where a bin is located nearby.,I do not know of any but I would like for it to be available.,I do not know of any but I would like for it to be available.,I know where a bin is located nearby.,I do not know any and I would not use it.,I do not know any and I would not use it.,I do not know any and I would not use it.,I do not know any and I would not use it.,I do not know any and I would not use it.,I do not know any and I would not use it.,I do not know any and I would not use it.,I do not know any and I would not use it.,I do not know any and I would not use it.,I do not know any and I would not use it.,NA,The building next door,The building next door,The building next door,Within the same building,The building next door,Anywhere on the campus,Anywhere on the campus,Anywhere on the campus,Anywhere on the campus,Anywhere on the campus,Anywhere on the campus,Anywhere on the campus,Anywhere on the campus,Anywhere on the campus,Anywhere on the campus,NA
2024-05-30T13:10:15Z,I have understood the conditions above and confirm my voluntary participation.,ETH Zurich,BSc,ETH Zentrum,I know where a bin is located nearby.,I do not know any and I would not use it.,I know where a bin is located nearby.,I do not know any and I would not use it.,I do not know any and I would not use it.,I know where a bin is located nearby.,I do not know any and I would not use it.,I do not know any and I would not use it.,I do not know any and I would not use it.,I do not know any and I would not use it.,I do not know any and I would not use it.,I do not know any and I would not use it.,I do not know any and I would not use it.,I do not know any and I would not use it.,I do not know any and I would not use it.,I do not know any and I would not use it.,NA,Within the same building,Within the same building,Within the same building,In the room I am currently in,Within the same building,The building next door,The building next door,Anywhere on the campus,Anywhere on the campus,Anywhere on the campus,Anywhere on the campus,Anywhere on the campus,Anywhere on the campus,Anywhere on the campus,Anywhere on the campus,NA
2024-05-30T13:13:31Z,I have understood the conditions above and confirm my voluntary participation.,Prefer not to say,BSc,Other,I know where a bin is located nearby.,I do not know any and I would not use it.,I know where a bin is located nearby.,I do not know of any but I would like for it to be available.,I know where a bin is located nearby.,I know where a bin is located nearby.,I do not know of any but I would like for it to be available.,I do not know any and I would not use it.,I know it exists but I am not sure where.,I do not know any and I would not use it.,I know where a bin is located nearby.,I know it exists but I am not sure where.,No answer,I do not know any and I would not use it.,I do not know of any but I would like for it to be available.,I do not know any and I would not use it.,NA,Within the same building,The building next door,In the room I am currently in,In the room I am currently in,Within the same building,Within the same building,"Off campus (e.g., to municipal collections)",In the room I am currently in,"Off campus (e.g., to municipal collections)",In the room I am currently in,In the room I am currently in,No answer,"Off campus (e.g., to municipal collections)","Off campus (e.g., to municipal collections)","Off campus (e.g., to municipal collections)",NA
2024-05-30T13:16:21Z,I have understood the conditions above and confirm my voluntary participation.,ETH Zurich,BSc,ETH Zentrum,No answer,I do not know of any but I would like for it to be available.,I know where a bin is located nearby.,I do not know of any but I would like for it to be available.,I know where a bin is located nearby.,I know where a bin is located nearby.,I know it exists but I am not sure where.,I do not know any and I would not use it.,I do not know any and I would not use it.,No answer,No answer,I do not know of any but I would like for it to be available.,No answer,No answer,I do not know any and I would not use it.,I know where a bin is located nearby.,NA,In the room I am currently in,The building next door,Within the same building,In the room I am currently in,The building next door,The building next door,The building next door,The building next door,The building next door,The building next door,In the room I am currently in,Within the same building,Within the same building,In the room I am currently in,The building next door,NA
2024-05-30T13:17:03Z,I have understood the conditions above and confirm my voluntary participation.,ETH Zurich,MSc,ETH Zentrum,I know where a bin is located nearby.,I know it exists but I am not sure where.,I know where a bin is located nearby.,I do not know of any but I would like for it to be available.,I know where a bin is located nearby.,I know where a bin is located nearby.,I know where a bin is located nearby.,I do not know of any but I would like for it to be available.,I do not know of any but I would like for it to be available.,I do not know of any but I would like for it to be available.,I do not know of any but I would like for it to be available.,I do not know of any but I would like for it to be available.,I do not know of any but I would like for it to be available.,I do not know of any but I would like for it to be available.,I do not know of any but I would like for it to be available.,I do not know of any but I would like for it to be available.,NA,No answer,Within the same building,No answer,In the room I am currently in,Within the same building,The building next door,No answer,No answer,No answer,No answer,No answer,No answer,No answer,No answer,No answer,NA
2024-05-30T13:17:05Z,I have understood the conditions above and confirm my voluntary participation.,ETH Zurich,BSc,ETH Zentrum,I know where a bin is located nearby.,I do not know of any but I would like for it to be available.,I know it exists but I am not sure where.,I know where a bin is located nearby.,I know where a bin is located nearby.,I know where a bin is located nearby.,I do not know of any but I would like for it to be available.,I know it exists but I am not sure where.,I know it exists but I am not sure where.,No answer,I do not know of any but I would like for it to be available.,I do not know of any but I would like for it to be available.,I do not know of any but I would like for it to be available.,I do not know any and I would not use it.,I do not know any and I would not use it.,I do not know any and I would not use it.,NA,Within the same building,Anywhere on the campus,Anywhere on the campus,Anywhere on the campus,Anywhere on the campus,Anywhere on the campus,Anywhere on the campus,"Off campus (e.g., to municipal collections)",The building next door,"Off campus (e.g., to municipal collections)",Anywhere on the campus,"Off campus (e.g., to municipal collections)","Off campus (e.g., to municipal collections)",The building next door,"Off campus (e.g., to municipal collections)",NA
2024-05-30T13:17:24Z,I have understood the conditions above and confirm my voluntary participation.,ETH Zurich,BSc,ETH Zentrum,I know where a bin is located nearby.,I do not know of any but I would like for it to be available.,I know where a bin is located nearby.,I do not know any and I would not use it.,I know where a bin is located nearby.,I know where a bin is located nearby.,I know where a bin is located nearby.,I know it exists but I am not sure where.,I know where a bin is located nearby.,I do not know any and I would not use it.,I know where a bin is located nearby.,I know where a bin is located nearby.,I know where a bin is located nearby.,I do not know any and I would not use it.,I do not know any and I would not use it.,I know where a bin is located nearby.,NA,Within the same building,Within the same building,Within the same building,Within the same building,Within the same building,Within the same building,Within the same building,Anywhere on the campus,Anywhere on the campus,Anywhere on the campus,Anywhere on the campus,Anywhere on the campus,Anywhere on the campus,Anywhere on the campus,Anywhere on the campus,NA
2024-05-30T13:17:52Z,I have understood the conditions above and confirm my voluntary participation.,ETH Zurich,BSc,ETH Zentrum,I know where a bin is located nearby.,I know it exists but I am not sure where.,I know where a bin is located nearby.,I do not know any and I would not use it.,I know where a bin is located nearby.,I know where a bin is located nearby.,I know where a bin is located nearby.,I do not know of any but I would like for it to be available.,I do not know of any but I would like for it to be available.,I do not know any and I would not use it.,I know it exists but I am not sure where.,I know it exists but I am not sure where.,I do not know any and I would not use it.,I do not know any and I would not use it.,I do not know of any but I would like for it to be available.,I do not know any and I would not use it.,NA,Within the same building,Within the same building,In the room I am currently in,Within the same building,The building next door,The building next door,Anywhere on the campus,Anywhere on the campus,The building next door,Anywhere on the campus,Anywhere on the campus,Anywhere on the campus,Anywhere on the campus,Anywhere on the campus,Anywhere on the campus,NA
2024-05-30T13:18:23Z,I have understood the conditions above and confirm my voluntary participation.,ETH Zurich,MSc,ETH Zentrum,I know where a bin is located nearby.,I do not know of any but I would like for it to be available.,I know where a bin is located nearby.,I do not know of any but I would like for it to be available.,I know where a bin is located nearby.,I do not know of any but I would like for it to be available.,I know where a bin is located nearby.,I do not know of any but I would like for it to be available.,I do not know of any but I would like for it to be available.,I do not know of any but I would like for it to be available.,I do not know of any but I would like for it to be available.,I do not know of any but I would like for it to be available.,I do not know of any but I would like for it to be available.,I do not know of any but I would like for it to be available.,I do not know of any but I would like for it to be available.,I do not know of any but I would like for it to be available.,No,Within the same building,Within the same building,Within the same building,Within the same building,Within the same building,The building next door,Anywhere on the campus,Anywhere on the campus,Anywhere on the campus,Within the same building,Within the same building,Anywhere on the campus,Within the same building,In the room I am currently in,The building next door,NA
2024-05-30T13:18:47Z,I have understood the conditions above and confirm my voluntary participation.,ETH Zurich,BSc,ETH Zentrum,I know where a bin is located nearby.,I know it exists but I am not sure where.,I know where a bin is located nearby.,I do not know of any but I would like for it to be available.,I know where a bin is located nearby.,I know where a bin is located nearby.,I know it exists but I am not sure where.,I do not know of any but I would like for it to be available.,I do not know of any but I would like for it to be available.,I do not know any and I would not use it.,I do not know of any but I would like for it to be available.,I do not know of any but I would like for it to be available.,I do not know any and I would not use it.,I do not know any and I would not use it.,I do not know any and I would not use it.,I do not know any and I would not use it.,Filament pla pegt abs asa,Within the same building,Within the same building,Within the same building,Within the same building,Within the same building,Within the same building,The building next door,Anywhere on the campus,No answer,Anywhere on the campus,The building next door,No answer,No answer,No answer,No answer,"Please don’t use the annoying sbb trashcan which close and you have push open with your hand to put something in, this makes me not want to separate waste and just trow it all in a open bin"
2024-05-30T13:18:47Z,I have understood the conditions above and confirm my voluntary participation.,ETH Zurich,MSc,ETH Zentrum,I know where a bin is located nearby.,I know where a bin is located nearby.,I know where a bin is located nearby.,I do not know of any but I would like for it to be available.,I know where a bin is located nearby.,I know where a bin is located nearby.,I know where a bin is located nearby.,I do not know of any but I would like for it to be available.,I do not know of any but I would like for it to be available.,I do not know of any but I would like for it to be available.,I do not know any and I would not use it.,I do not know any and I would not use it.,I do not know any and I would not use it.,I do not know any and I would not use it.,I do not know any and I would not use it.,I do not know any and I would not use it.,NA,Within the same building,Within the same building,Within the same building,Within the same building,Within the same building,The building next door,Anywhere on the campus,Anywhere on the campus,No answer,No answer,No answer,No answer,No answer,No answer,No answer,NA
2024-05-30T13:19:25Z,I have understood the conditions above and confirm my voluntary participation.,ETH Zurich,BSc,ETH Zentrum,I know where a bin is located nearby.,I do not know any and I would not use it.,I know where a bin is located nearby.,I do not know of any but I would like for it to be available.,I do not know any and I would not use it.,I know where a bin is located nearby.,I do not know any and I would not use it.,I do not know any and I would not use it.,I know where a bin is located nearby.,I know where a bin is located nearby.,I do not know any and I would not use it.,I do not know any and I would not use it.,I do not know any and I would not use it.,I do not know any and I would not use it.,I do not know any and I would not use it.,I do not know any and I would not use it.,NA,No answer,Within the same building,"Off campus (e.g., to municipal collections)",No answer,Within the same building,"Off campus (e.g., to municipal collections)",No answer,No answer,No answer,No answer,No answer,No answer,No answer,No answer,No answer,NA
2024-05-30T14:01:03Z,I have understood the conditions above and confirm my voluntary participation.,ETH Zurich,MSc,ETH Zentrum,I know where a bin is located nearby.,I know it exists but I am not sure where.,I know where a bin is located nearby.,I do not know of any but I would like for it to be available.,I know where a bin is located nearby.,I know where a bin is located nearby.,I know it exists but I am not sure where.,I know it exists but I am not sure where.,I know where a bin is located nearby.,I know it exists but I am not sure where.,I know where a bin is located nearby.,I know where a bin is located nearby.,I do not know of any but I would like for it to be available.,I know it exists but I am not sure where.,I do not know of any but I would like for it to be available.,I do not know of any but I would like for it to be available.,NA,Within the same building,Within the same building,Within the same building,Within the same building,Within the same building,The building next door,Anywhere on the campus,Anywhere on the campus,Anywhere on the campus,Anywhere on the campus,Anywhere on the campus,Anywhere on the campus,Anywhere on the campus,Within the same building,Anywhere on the campus,NA
2024-05-30T14:20:24Z,I have understood the conditions above and confirm my voluntary participation.,ETH Zurich,BSc,ETH Zentrum,I know where a bin is located nearby.,I know it exists but I am not sure where.,I know where a bin is located nearby.,I do not know any and I would not use it.,I do not know any and I would not use it.,I know where a bin is located nearby.,I do not know any and I would not use it.,No answer,No answer,No answer,No answer,No answer,No answer,No answer,No answer,No answer,NA,In the room I am currently in,In the room I am currently in,In the room I am currently in,In the room I am currently in,In the room I am currently in,Within the same building,"Off campus (e.g., to municipal collections)","Off campus (e.g., to municipal collections)","Off campus (e.g., to municipal collections)","Off campus (e.g., to municipal collections)","Off campus (e.g., to municipal collections)","Off campus (e.g., to municipal collections)",No answer,No answer,No answer,"Some waste bins have a spring-loaded lid that has to be pushed inward to be opened. Often people push on the lid with the trash they want to discard because they don‘t want to touch it. This can leave dirt on the lid, leading to even more people doing the same thing. It‘s highly unhygienic. These bins could be massively improved by attaching some kind of handle to the lid near its hinged edge. It is a very cheap and easy fix, and I have already seen it implemented on a waste bin in a burger king that had the same kind of lid."
2024-05-30T15:04:10Z,I have understood the conditions above and confirm my voluntary participation.,ETH Zurich,MSc,ETH Zentrum,I know where a bin is located nearby.,I do not know of any but I would like for it to be available.,I know where a bin is located nearby.,I do not know any and I would not use it.,I know where a bin is located nearby.,I know where a bin is located nearby.,I do not know of any but I would like for it to be available.,I know where a bin is located nearby.,I do not know of any but I would like for it to be available.,I know where a bin is located nearby.,I do not know any and I would not use it.,I do not know any and I would not use it.,I do not know any and I would not use it.,I do not know any and I would not use it.,I know where a bin is located nearby.,I do not know any and I would not use it.,NA,Within the same building,Within the same building,Within the same building,Within the same building,Within the same building,Within the same building,The building next door,Anywhere on the campus,Anywhere on the campus,Anywhere on the campus,Anywhere on the campus,Anywhere on the campus,Anywhere on the campus,The building next door,Anywhere on the campus,A note on some bins where the nearest collection point is for less common waste e.g. like the one in HG D floor
2024-05-30T16:05:22Z,I have understood the conditions above and confirm my voluntary participation.,ETH Zurich,BSc,ETH Zentrum,No answer,I do not know of any but I would like for it to be available.,I know where a bin is located nearby.,I know where a bin is located nearby.,I know where a bin is located nearby.,I do not know any and I would not use it.,I know where a bin is located nearby.,I do not know any and I would not use it.,I do not know any and I would not use it.,I do not know any and I would not use it.,I do not know any and I would not use it.,I do not know any and I would not use it.,I do not know any and I would not use it.,I do not know any and I would not use it.,I do not know any and I would not use it.,I do not know any and I would not use it.,needles,In the room I am currently in,In the room I am currently in,Within the same building,In the room I am currently in,The building next door,The building next door,Anywhere on the campus,No answer,No answer,No answer,No answer,No answer,No answer,No answer,No answer,NA
2024-05-30T16:40:14Z,I have understood the conditions above and confirm my voluntary participation.,ETH Zurich,MSc,ETH Zentrum,I know where a bin is located nearby.,I do not know of any but I would like for it to be available.,I know where a bin is located nearby.,I know it exists but I am not sure where.,I know it exists but I am not sure where.,I do not know of any but I would like for it to be available.,I do not know of any but I would like for it to be available.,I do not know of any but I would like for it to be available.,I do not know of any but I would like for it to be available.,I do not know of any but I would like for it to be available.,I do not know of any but I would like for it to be available.,I do not know of any but I would like for it to be available.,I do not know of any but I would like for it to be available.,I do not know of any but I would like for it to be available.,I do not know of any but I would like for it to be available.,I do not know of any but I would like for it to be available.,NA,Within the same building,Within the same building,Within the same building,Within the same building,Within the same building,Within the same building,The building next door,The building next door,The building next door,The building next door,The building next door,The building next door,The building next door,The building next door,The building next door,NA
